,TrackID,BBox,ClassID,Frame
0,1,[     40.569      135.78       124.5      315.48],,0
1,2,[     353.24      114.14      750.12      275.24],,0
2,3,[     166.97      36.785      379.37      117.76],,0
3,4,[     201.88      169.02      446.06      383.72],,0
4,5,[     218.12      112.38         482      270.24],,0
5,6,[     241.97       420.5      527.25      886.77],,0
6,7,[     4.5263      269.05      52.548      589.15],,0
7,8,[     124.51      45.001      291.69      134.95],,0
8,9,[     116.12       81.41      273.34      207.39],,0
9,1,[     40.528      134.65      124.38      314.19],Player_B,1
10,2,[     352.71      114.55      749.41      275.57],Player_B,1
11,3,[     167.31      36.681      380.13      117.82],Player_B,1
12,4,[      202.5      169.07      446.72      383.81],Player_B,1
13,5,[     219.47      111.08      480.51      267.19],Player_B,1
14,6,[     242.26      419.61      527.18      885.27],Player_A,1
15,7,[     3.9795      269.08      52.031      589.58],Player_A,1
16,8,[     123.87      46.085      292.39      136.77],Player_A,1
17,9,[     116.32       82.02      274.56      208.82],Player_A,1
18,10,[     20.155      301.94      64.413      625.98],,1
19,1,[     40.522      134.47      124.35      313.97],Player_B,2
20,2,[     351.38      114.51      748.06      275.56],Player_B,2
21,3,[     168.36      36.454      381.02      117.51],Player_B,2
22,4,[     201.98      169.63      447.54      385.57],Player_B,2
23,5,[     220.66      109.88       480.4      265.12],Player_B,2
24,6,[     241.77      419.06      526.09      883.75],Player_A,2
25,7,[     4.0454      269.05      52.005      589.12],Player_A,2
26,8,[     124.07      46.175      292.31      136.71],Player_A,2
27,9,[     115.69       84.51      275.55      212.67],Player_A,2
28,1,[     40.603      132.86      124.31       312.1],Player_B,3
29,2,[     350.56      114.71      747.02      275.71],Player_B,3
30,3,[     168.29      37.129      383.55      119.21],Player_B,3
31,4,[     201.84       169.8      447.76      386.12],Player_B,3
32,5,[     221.33      108.59      479.97      263.03],Player_B,3
33,6,[     241.21      418.88      525.15      883.06],Player_A,3
34,7,[     3.7616      269.04      51.152      585.76],Player_A,3
35,8,[     124.26      46.145       291.9      136.36],Player_A,3
36,9,[     115.75        85.7      276.97         215],Player_A,3
37,11,[     14.168      303.53      51.738      630.43],,3
38,12,[     75.586       439.6      194.13      925.71],,3
39,1,[     40.842      132.15      124.31      310.83],Player_B,4
40,2,[     346.66      113.53       740.2      273.37],Player_B,4
41,3,[     169.31      37.076      385.57      119.55],Player_B,4
42,4,[     201.65      170.98      447.89      387.64],Player_B,4
43,5,[     221.53      107.48      479.67      261.46],Player_B,4
44,6,[     241.28      418.66      524.72      882.08],Player_A,4
45,7,[     3.8304      269.48      50.764      583.54],Player_A,4
46,8,[     124.42      47.119      293.88      138.37],Player_A,4
47,9,[     115.63          87      277.87      217.22],Player_A,4
48,11,[     13.892      304.72      51.598      632.84],Basketball,4
49,12,[     75.354      441.93      194.07      928.75],Player_A,4
50,1,[     41.349      131.88      124.78       310.3],Player_B,5
51,2,[     344.03      113.21      736.41      272.62],Player_B,5
52,3,[     169.02      38.051      389.24      122.16],Player_B,5
53,4,[     201.62      171.35      447.88      388.11],Player_B,5
54,5,[     221.44      107.15       479.7      261.01],Player_B,5
55,6,[      240.7      418.39      523.58      880.96],Player_A,5
56,7,[     3.6369      269.65      50.251      582.35],Player_A,5
57,8,[     124.69      47.426      294.43      138.87],Player_A,5
58,9,[     115.33      87.955      278.43      219.03],Player_A,5
59,11,[      13.78      304.98        51.5       633.3],Basketball,5
60,12,[     73.952      442.35      192.61      929.06],Player_A,5
61,1,[     41.703      131.31      124.74      308.63],Player_B,6
62,2,[     342.84      112.95      734.46      272.11],Player_B,6
63,3,[     172.34      38.191      393.38      122.67],Player_B,6
64,4,[     201.65      171.48      447.83      388.25],Player_B,6
65,5,[     221.97      106.71      478.99      259.51],Player_B,6
66,6,[     237.74      418.12      520.34      880.42],Player_A,6
67,7,[     3.0023      269.72      50.452      589.46],Player_A,6
68,8,[     124.06      48.118      294.88      140.26],Player_A,6
69,9,[     114.59       89.75      279.93      222.89],Player_A,6
70,11,[     14.158      303.87      51.752      631.17],Basketball,6
71,12,[     73.441      443.09      192.14      930.13],Player_A,6
72,1,[     41.789      130.96      124.51      307.32],Player_B,7
73,2,[     341.63       112.9      732.83      271.96],Player_B,7
74,3,[     174.11      38.216      395.93      123.07],Player_B,7
75,4,[     201.59      172.33      448.11      389.51],Player_B,7
76,5,[     223.48      106.16       479.4      257.92],Player_B,7
77,6,[     236.73      418.03      519.19      880.33],Player_A,7
78,7,[    0.66207      269.57      47.534      587.13],Player_A,7
79,8,[     123.71      48.328      295.29      141.01],Player_A,7
80,9,[     113.35      92.285      281.39      228.06],Player_A,7
81,12,[     73.572      443.24      192.17      930.15],Player_A,7
82,1,[     41.759      130.85      124.47      306.89],Player_B,8
83,2,[     340.82      112.75      731.82      271.82],Player_B,8
84,3,[     175.08      38.711       398.5      124.29],Player_B,8
85,4,[     201.62      172.65      448.14      389.95],Player_B,8
86,5,[     224.68      105.88       479.4      256.43],Player_B,8
87,6,[     236.46       417.3       518.2      878.64],Player_A,8
88,7,[  -0.096867      269.86      46.857      589.97],Player_A,8
89,8,[     124.18      49.454      296.66       142.8],Player_A,8
90,9,[     113.21      93.405      282.55      230.69],Player_A,8
91,12,[     73.568       443.6      192.23      931.16],Player_A,8
92,13,[     19.518      302.19      61.194      626.51],,8
93,1,[     41.804      130.47      124.33      305.73],Player_B,9
94,2,[     341.19      112.56      729.39      270.48],Player_B,9
95,3,[      176.2      38.874      399.98      124.69],Player_B,9
96,4,[     201.69      172.75      448.09      390.08],Player_B,9
97,5,[     224.84       105.8      479.68      255.94],Player_B,9
98,6,[     235.62      415.15      516.78      875.73],Player_A,9
99,7,[     14.588      289.85      61.614      611.39],Player_A,9
100,8,[     124.37      49.836      297.15      143.52],Player_A,9
101,9,[     113.04       93.91      282.94      232.19],Player_A,9
102,12,[     72.042      443.33      190.46      930.36],Player_A,9
103,13,[     23.787         300      65.289      622.35],Basketball,9
104,1,[     41.753      130.34      124.33      305.34],Player_B,10
105,2,[      340.6      112.64      728.08      270.31],Player_B,10
106,3,[     177.75      38.975      401.63      124.87],Player_B,10
107,4,[     201.41      173.75      448.31      391.69],Player_B,10
108,5,[     224.96       105.6      479.88      255.28],Player_B,10
109,6,[     235.59      413.23      515.89      872.49],Player_A,10
110,7,[     5.7941      277.44      52.066      596.06],Player_A,10
111,8,[     124.34      50.311      297.82      144.38],Player_A,10
112,9,[     113.03       94.18      283.01      233.06],Player_A,10
113,12,[     71.537      443.22      189.78      930.04],Player_A,10
114,1,[     41.819      129.86      124.38      304.38],Player_B,11
115,2,[     339.33      112.79      726.35      270.37],Player_B,11
116,3,[     178.11      40.705      403.27      127.16],Player_B,11
117,4,[     201.38      174.09      448.32      392.25],Player_B,11
118,5,[     225.31      105.06      480.01      254.06],Player_B,11
119,6,[     233.62      412.71      513.64      871.72],Player_A,11
120,7,[     1.5439      273.83      47.358      591.83],Player_A,11
121,8,[     124.29      50.786      298.49      145.25],Player_A,11
122,9,[     113.21       94.39      283.55      234.17],Player_A,11
123,12,[     69.866      442.71      187.85      929.18],Player_A,11
124,14,[     28.376       296.6      80.008      617.18],,11
125,15,[     28.376       296.6      80.008      617.18],,11
126,1,[     42.531      128.27      125.09      302.11],Player_B,12
127,2,[     338.02      112.75      724.48      270.26],Player_B,12
128,3,[     179.09      41.419      404.33      127.92],Player_B,12
129,4,[     200.86      174.89      448.64      394.07],Player_B,12
130,5,[      225.3      103.81      480.12      252.32],Player_B,12
131,6,[      232.4      412.38      511.26      869.58],Player_A,12
132,7,[    0.23685      272.51      45.657      590.09],Player_A,12
133,9,[     112.92      95.025       284.2       236.3],Player_A,12
134,12,[     69.345       442.5      187.13      928.86],Player_A,12
135,16,[     232.53      412.12      510.35       869.1],,12
136,1,[     42.696      127.71      125.44      301.31],Player_B,13
137,2,[     338.44      112.17      722.14      268.58],Player_B,13
138,3,[     180.08      41.834      405.24      128.28],Player_B,13
139,4,[     200.76      175.16      448.66      394.72],Player_B,13
140,5,[     227.01      102.32      480.79      249.54],Player_B,13
141,6,[     232.13      411.36      510.25      867.32],Player_A,13
142,7,[   -0.91688      272.08      44.135      589.48],Player_A,13
143,9,[     114.07       96.36      285.59      238.44],Player_A,13
144,12,[     68.478      440.95      185.92      926.64],Player_A,13
145,1,[     42.723      126.61       125.5      299.61],Player_B,14
146,2,[     337.42      111.93      720.06      267.96],Player_B,14
147,3,[     180.55       42.38      406.77      129.25],Player_B,14
148,4,[     200.82      175.25      448.56      394.91],Player_B,14
149,5,[      227.3      101.78      481.38      248.54],Player_B,14
150,6,[     231.49      410.32      509.03      865.38],Player_A,14
151,7,[   -0.09911       271.9      44.657      589.14],Player_A,14
152,9,[     114.47       97.47      286.19      240.37],Player_A,14
153,12,[     68.246      440.38      185.45      925.83],Player_A,14
154,1,[     42.835      125.29      125.26      296.83],Player_B,15
155,2,[     334.32      111.03      716.66      267.09],Player_B,15
156,3,[     181.43      42.661      407.73      129.54],Player_B,15
157,4,[     201.12      175.42       449.8      396.22],Player_B,15
158,5,[     228.49      100.53      480.21      245.05],Player_B,15
159,6,[     230.55      410.09      507.79      864.84],Player_A,15
160,7,[   -0.62571      271.91      44.104      588.97],Player_A,15
161,9,[     114.68       98.63      286.42      242.21],Player_A,15
162,12,[     67.598      438.96      184.22      922.86],Player_A,15
163,1,[     42.768      124.81      125.27      295.83],Player_B,16
164,2,[     334.08      109.85      714.68      265.23],Player_B,16
165,3,[     182.38      42.823      408.78      129.69],Player_B,16
166,4,[     201.33      175.45      450.17      396.67],Player_B,16
167,5,[     228.34        99.1       479.6      242.52],Player_B,16
168,6,[     230.18      408.83      507.04      863.06],Player_A,16
169,7,[   -0.30743      272.27      44.215      589.52],Player_A,16
170,9,[     114.74       99.83      287.74      245.29],Player_A,16
171,12,[     67.445      438.45      183.73      921.75],Player_A,16
172,1,[     43.042       124.7      125.36      294.53],Player_B,17
173,2,[     332.46      108.69      711.26      263.35],Player_B,17
174,3,[     182.32      43.317       410.6      130.94],Player_B,17
175,4,[      201.5      175.45       450.2      396.81],Player_B,17
176,5,[     227.94      97.595      479.78      240.59],Player_B,17
177,6,[      229.2      407.45      505.56      861.13],Player_A,17
178,7,[   -0.25106      272.36      44.071      589.74],Player_A,17
179,9,[     114.33      102.14      289.29      250.24],Player_A,17
180,12,[     66.691      437.69      182.31      919.33],Player_A,17
181,17,[     129.52      55.097      301.76      154.38],,17
182,1,[     43.751      124.45      126.27      293.71],Player_B,18
183,2,[     332.85      107.37      708.87      260.77],Player_B,18
184,3,[     184.03      43.434      413.17      131.39],Player_B,18
185,4,[     201.21      176.46      450.87      398.99],Player_B,18
186,5,[     231.55       97.08      483.55      239.24],Player_B,18
187,6,[     228.46      406.72      504.02      859.42],Player_A,18
188,7,[   -0.65338      272.43      43.653      589.69],Player_A,18
189,9,[     115.33      104.38      290.99      253.94],Player_A,18
190,12,[     66.489      437.41      181.71      918.44],Player_A,18
191,17,[      129.2       55.67      301.94      155.25],Player_A,18
192,1,[     44.045      123.43      126.54      291.65],Player_B,19
193,2,[      333.7      106.48       707.4      258.71],Player_B,19
194,3,[     186.55      43.774      417.81      132.59],Player_B,19
195,4,[     201.22      176.81      450.98      399.77],Player_B,19
196,5,[     232.44       96.93      485.42      238.81],Player_B,19
197,6,[     228.27      406.47      503.43      858.83],Player_A,19
198,7,[    -1.0557      272.48      43.236      589.64],Player_A,19
199,9,[     115.48      105.83      291.26      256.37],Player_A,19
200,12,[     65.637       437.5      180.42      918.26],Player_A,19
201,17,[     129.15      55.773      301.97      155.41],Player_A,19
202,1,[     44.046      122.34      126.56      289.59],Player_B,20
203,2,[     334.74      106.01      706.28      257.06],Player_B,20
204,3,[     188.86      43.774      420.76      132.82],Player_B,20
205,4,[     200.94      177.77       451.1       401.5],Player_B,20
206,5,[     232.81      95.785      486.13      237.01],Player_B,20
207,6,[     228.03      406.18      502.45       857.7],Player_A,20
208,9,[     116.57       106.5      292.43      257.89],Player_A,20
209,12,[     65.447      436.71      179.83      917.12],Player_A,20
210,17,[     128.64      56.075      302.54      156.37],Player_A,20
211,18,[     22.292      298.28      67.708       620.4],,20
212,19,[     22.292      298.28      67.708       620.4],,20
213,20,[     21.692      298.55       67.41      620.49],,20
214,1,[       43.9      121.96      126.69      288.88],Player_B,21
215,2,[     335.83      105.58      705.99      255.73],Player_B,21
216,3,[     190.31      43.787      422.41      132.89],Player_B,21
217,4,[     200.96       178.1         451      402.11],Player_B,21
218,5,[     232.84      94.725      485.96         235],Player_B,21
219,6,[     227.77      405.89      501.33      856.46],Player_A,21
220,9,[     117.02      106.83         293      259.17],Player_A,21
221,12,[     65.014      436.37      178.99      916.74],Player_A,21
222,17,[     128.95      55.902      302.17      155.82],Player_A,21
223,21,[     2.4847      273.28      47.595      594.81],,21
224,1,[      43.94      121.02      127.01      287.62],Player_B,22
225,2,[     335.93      105.09      704.63      254.27],Player_B,22
226,3,[     190.78      44.131      425.12      134.13],Player_B,22
227,4,[      201.1      178.25      450.82      402.33],Player_B,22
228,5,[     232.94      93.995         486      233.37],Player_B,22
229,6,[     227.52      405.58      500.22      855.22],Player_A,22
230,9,[     116.65      107.22      293.37      261.14],Player_A,22
231,12,[     65.009      435.61      178.49      915.41],Player_A,22
232,17,[     128.45      55.819      301.27      155.56],Player_A,22
233,1,[     43.875      119.97      127.11      286.05],Player_B,23
234,2,[     337.14      102.53      703.44      250.23],Player_B,23
235,3,[     191.34      44.184       426.6      134.54],Player_B,23
236,4,[     201.23      179.62      451.05      404.14],Player_B,23
237,5,[     232.81       93.56      485.97      232.14],Player_B,23
238,6,[     224.96      405.13      497.12      854.55],Player_A,23
239,9,[     118.97      108.38      295.63      263.11],Player_A,23
240,12,[     64.738      435.37      177.74      914.91],Player_A,23
241,17,[     128.31      55.788      300.93      155.49],Player_A,23
242,22,[     33.431      304.61      91.105      632.81],,23
243,23,[     33.431      304.61      91.105      632.81],,23
244,1,[     43.728      119.61      127.27      285.51],Player_B,24
245,2,[     337.65      100.83      702.83      247.55],Player_B,24
246,3,[     191.51      44.194      427.09      134.67],Player_B,24
247,4,[     201.38       180.1      451.02      404.79],Player_B,24
248,5,[     233.47       93.37      487.55      231.65],Player_B,24
249,6,[     223.21      403.71      494.69      852.61],Player_A,24
250,9,[     120.05      109.81      296.43      265.11],Player_A,24
251,12,[     64.775      434.36      177.27      913.37],Player_A,24
252,17,[     128.11      55.819      300.77      155.54],Player_A,24
253,24,[     4.6751      275.94      51.235       596.7],,24
254,1,[     44.466      118.93      127.95      283.68],Player_B,25
255,2,[     339.37       99.43      700.93      243.95],Player_B,25
256,3,[     191.56      44.521      428.46      135.54],Player_B,25
257,4,[     201.42      180.63      451.14      405.73],Player_B,25
258,5,[     233.38       93.06      488.16      230.94],Player_B,25
259,6,[     222.67         403      493.37      851.23],Player_A,25
260,9,[        120      110.31      296.14      266.19],Player_A,25
261,12,[     64.417      434.25      176.36      913.02],Player_A,25
262,17,[     124.58      55.188      296.74      154.79],Player_A,25
263,25,[     39.194      308.55      102.81      640.73],,25
264,1,[     44.713      118.51      128.25      282.36],Player_B,26
265,2,[     339.77       98.29      700.39      241.71],Player_B,26
266,3,[     191.97      44.678      429.63      135.99],Player_B,26
267,4,[     201.54      180.81      451.06      406.03],Player_B,26
268,5,[     233.26       92.38      488.34      229.64],Player_B,26
269,6,[     221.24      401.51      490.96      848.65],Player_A,26
270,9,[      119.5      111.54      296.14      268.72],Player_A,26
271,12,[     64.459      432.94      175.86      911.18],Player_A,26
272,17,[     123.93      55.062      295.79      154.66],Player_A,26
273,1,[     44.655      118.37       128.5      281.91],Player_B,27
274,2,[     340.28       96.66      699.62       238.8],Player_B,27
275,3,[     192.79      44.705      430.75       136.1],Player_B,27
276,4,[     201.67      180.86      450.95      406.12],Player_B,27
277,5,[     233.77      92.025      489.89      229.12],Player_B,27
278,6,[     219.55      400.38      488.25      846.28],Player_A,27
279,9,[     118.86      113.75      297.64      273.91],Player_A,27
280,12,[     64.053      432.29      174.99      910.43],Player_A,27
281,17,[      122.8       55.16      294.16      154.66],Player_A,27
282,26,[     4.8084      276.78      52.888      598.94],,27
283,1,[     44.636       118.1      128.57      280.91],Player_B,28
284,2,[     339.82      94.945      698.38      236.04],Player_B,28
285,3,[     192.87      45.093      432.03      136.97],Player_B,28
286,4,[      201.7      181.16       451.4      407.13],Player_B,28
287,5,[     234.24      91.965      491.48      228.96],Player_B,28
288,6,[     219.32      399.23      486.82      843.29],Player_A,28
289,9,[     119.81      116.18      299.19      277.93],Player_A,28
290,12,[     64.189      431.79      174.59      909.27],Player_A,28
291,17,[     122.72      53.843      293.16      152.92],Player_A,28
292,26,[     5.4242      276.95      53.566      599.42],Player_A,28
293,1,[     44.492      118.03      128.71       280.6],Player_B,29
294,2,[     340.04          94      697.54      233.88],Player_B,29
295,3,[      193.6      45.229      433.22      137.27],Player_B,29
296,4,[      201.8      181.26      451.46       407.5],Player_B,29
297,5,[      233.7      92.735      492.88       230.2],Player_B,29
298,6,[     218.53      398.31      485.25      841.31],Player_A,29
299,9,[     120.38      117.88      299.66      280.55],Player_A,29
300,12,[     61.416      431.53      171.32      909.02],Player_A,29
301,17,[     123.13      52.981      292.39      151.48],Player_A,29
302,26,[      5.527      276.91      53.693      599.35],Player_A,29
303,1,[     44.491      117.66      128.91      279.85],Player_B,30
304,2,[     340.57       93.38      696.95      231.98],Player_B,30
305,3,[      194.1       46.03      434.26      138.26],Player_B,30
306,4,[     201.93      181.28      451.39       407.6],Player_B,30
307,5,[     234.15       93.03      494.81      230.65],Player_B,30
308,6,[      217.7      397.03      483.72      839.13],Player_A,30
309,9,[     123.36      118.63      302.08       281.6],Player_A,30
310,12,[     60.611      431.23      169.91      907.91],Player_A,30
311,17,[     121.62      52.734       290.4      151.09],Player_A,30
312,26,[     6.5582      277.98      55.012      601.76],Player_A,30
313,27,[     40.026      309.09      103.74      641.49],,30
314,28,[     40.026      309.09      103.74      641.49],,30
315,1,[     44.605      116.83      128.97       278.1],Player_B,31
316,2,[     340.89       93.07      696.89      230.69],Player_B,31
317,3,[     195.48      46.122      435.86      138.41],Player_B,31
318,4,[     201.85       181.5      451.67      408.45],Player_B,31
319,5,[     234.33      93.095      496.21      230.76],Player_B,31
320,6,[     216.74      395.65      482.14      837.13],Player_A,31
321,9,[      124.6      119.08      303.12      282.69],Player_A,31
322,12,[     60.824      431.16      169.68      907.81],Player_A,31
323,17,[        122      51.587      289.04      148.91],Player_A,31
324,26,[     6.5446      278.05      55.227      602.97],Player_A,31
325,1,[     44.892      116.65      129.49      277.57],Player_B,32
326,2,[     341.15      92.355      697.11      229.14],Player_B,32
327,3,[     197.96      46.207      438.36      138.44],Player_B,32
328,4,[     201.91      181.56      451.69      408.74],Player_B,32
329,5,[     234.05      93.135      497.03      230.85],Player_B,32
330,6,[     215.66      394.54       480.2      835.16],Player_A,32
331,9,[     125.09      119.88      304.25      284.93],Player_A,32
332,12,[     61.064      431.15      169.52       907.8],Player_A,32
333,17,[     120.46      51.142      286.98      148.22],Player_A,32
334,26,[     8.2679      277.66      57.238      603.52],Player_A,32
335,1,[     45.018      115.37      129.76      275.81],Player_B,33
336,2,[     341.12       91.74       697.5       227.9],Player_B,33
337,3,[     201.38      48.129      443.58      140.98],Player_B,33
338,4,[     201.57      181.98      451.99      410.14],Player_B,33
339,5,[     234.48       93.18       498.4       230.8],Player_B,33
340,6,[      214.9      394.13       478.8      834.37],Player_A,33
341,9,[     125.27      120.57      304.51      286.53],Player_A,33
342,12,[     59.365      431.02      167.27      906.98],Player_A,33
343,17,[     118.71      51.219      284.97      148.34],Player_A,33
344,26,[     27.996      296.57      77.654      624.25],Basketball,33
345,1,[      45.18      113.59      129.81      273.01],Player_B,34
346,2,[     341.37      89.315      696.35      224.06],Player_B,34
347,3,[     203.01      48.788      446.21      141.96],Player_B,34
348,4,[     201.56      182.12      451.98      410.64],Player_B,34
349,5,[     234.74       93.22      499.58      230.76],Player_B,34
350,6,[     214.56      393.76       477.5      833.07],Player_A,34
351,9,[     125.41      122.24      304.49      288.89],Player_A,34
352,12,[     58.846      430.98      166.35       906.7],Player_A,34
353,17,[     118.76      50.601      283.12      146.68],Player_A,34
354,26,[     16.496      286.34      66.334       613.7],Player_A,34
355,1,[     45.119      112.95      129.95         272],Player_B,35
356,2,[     342.32      87.765       694.7      220.54],Player_B,35
357,3,[     204.45      49.025      447.99      142.21],Player_B,35
358,4,[     201.66      182.17      451.86      410.81],Player_B,35
359,5,[     235.35      93.295      501.03       230.7],Player_B,35
360,6,[     214.33      393.43      476.17      831.68],Player_A,35
361,9,[     125.94      123.49      305.24      291.02],Player_A,35
362,12,[     57.159      430.82      164.16      905.88],Player_A,35
363,17,[     118.51      50.359      282.25      146.08],Player_A,35
364,26,[     11.869      282.41      61.697      608.53],Player_A,35
365,29,[     26.888      300.94      76.694      624.96],,35
366,1,[     45.171      111.86      129.85      269.82],Player_B,36
367,2,[     342.93       86.29      693.69      217.41],Player_B,36
368,3,[     204.83      49.678      449.65      143.27],Player_B,36
369,4,[      201.6       182.4       451.9      411.48],Player_B,36
370,5,[     235.26      93.335      501.86      230.71],Player_B,36
371,6,[     213.81       393.1      474.79      830.57],Player_A,36
372,9,[     126.05      124.68      306.51      293.28],Player_A,36
373,12,[     56.637      430.78      163.26       905.6],Player_A,36
374,17,[     118.44      50.279      281.98       145.9],Player_A,36
375,26,[     12.619      282.98      62.513      609.52],Player_A,36
376,1,[     45.068       111.5      129.92      269.06],Player_B,37
377,2,[     343.16       84.87      693.38      214.77],Player_B,37
378,3,[     205.54      49.793      451.12      143.55],Player_B,37
379,4,[     201.69      182.49      451.81      411.72],Player_B,37
380,5,[     234.98      93.485      503.12      231.21],Player_B,37
381,6,[     211.18      392.82      471.48         830],Player_A,37
382,9,[     125.24      126.43      307.62      297.87],Player_A,37
383,12,[     55.701      430.46      161.86      904.74],Player_A,37
384,17,[     118.33      49.412      279.31      143.46],Player_A,37
385,26,[     12.734      280.82      62.704      605.82],Player_A,37
386,1,[     45.757      111.06      130.49      267.42],Player_B,38
387,2,[     342.72       83.71      693.84      212.99],Player_B,38
388,3,[     206.08      49.686       452.2      143.51],Player_B,38
389,4,[     201.82       182.5      451.66      411.77],Player_B,38
390,5,[     235.34       93.53      504.54      231.37],Player_B,38
391,6,[     210.72      392.02      470.02      828.28],Player_A,38
392,9,[     125.01      128.14      308.05      301.28],Player_A,38
393,12,[     55.487      430.35      161.29      904.43],Player_A,38
394,17,[     117.86      49.309       277.8      142.68],Player_A,38
395,26,[     9.9475         281      59.939      604.42],Player_A,38
396,1,[     46.017      110.09      130.78      265.49],Player_B,39
397,2,[     342.09       82.18      692.95      210.42],Player_B,39
398,3,[     205.47      50.129      455.31      145.43],Player_B,39
399,4,[     201.82      183.68      451.62      413.24],Player_B,39
400,5,[     235.77       93.57      505.99      231.53],Player_B,39
401,6,[     209.32      389.97      467.66      825.35],Player_A,39
402,9,[      124.9      130.05      308.16      304.43],Player_A,39
403,12,[     54.935      428.96       160.3       902.5],Player_A,39
404,17,[     117.67      49.296      277.31      142.44],Player_A,39
405,26,[     9.1022      279.56      59.312      602.92],Player_A,39
406,30,[      39.74      316.37      103.44      656.84],,39
407,31,[      39.74      316.37      103.44      656.84],,39
408,1,[      45.96      109.75      131.03      264.82],Player_B,40
409,2,[     342.27      81.205      692.25      208.13],Player_B,40
410,3,[     205.87      50.392      456.61      146.03],Player_B,40
411,4,[     201.91      184.12      451.51      413.76],Player_B,40
412,5,[     235.73      93.585      506.77      231.59],Player_B,40
413,6,[     207.43      388.47      464.63       822.5],Player_A,40
414,9,[     125.45      130.99      308.75      306.29],Player_A,40
415,12,[     54.837      428.44      159.88      901.81],Player_A,40
416,17,[     117.48      48.567      276.44      141.23],Player_A,40
417,26,[     8.4167      277.66      58.685      600.36],Player_A,40
418,30,[     39.634      315.04      103.01      653.75],Basketball,40
419,1,[     45.829      108.74      131.03      263.16],Player_B,41
420,2,[     342.24       80.71      691.98      206.59],Player_B,41
421,3,[      206.5      50.331      458.22      146.34],Player_B,41
422,4,[     202.71      185.12      452.39      414.99],Player_B,41
423,5,[      237.4      93.615      509.34      231.72],Player_B,41
424,6,[     205.77      387.96      462.37      821.66],Player_A,41
425,9,[     125.29       131.7      308.85      308.24],Player_A,41
426,12,[     54.041         427      158.58      899.76],Player_A,41
427,17,[     117.39       48.31      276.19      140.81],Player_A,41
428,26,[     7.9455         276      58.163      597.42],Player_A,41
429,32,[     6.9549      275.83      58.829      596.13],,41
430,1,[     45.633      107.67      131.08      261.73],Player_B,42
431,2,[     342.36      80.315      691.92      205.17],Player_B,42
432,3,[     206.19      51.136      460.01      148.04],Player_B,42
433,4,[     203.06      185.47      452.68      415.41],Player_B,42
434,5,[     240.29       93.64      513.65       232.1],Player_B,42
435,6,[     205.11      387.15      460.39      819.07],Player_A,42
436,9,[     126.14       132.2      310.14      309.98],Player_A,42
437,12,[      53.87      426.48      158.03      899.04],Player_A,42
438,17,[     116.96      48.294      275.78      140.78],Player_A,42
439,26,[     6.6879      274.75      56.642      594.13],Player_A,42
440,1,[     45.429      107.31      131.21      261.24],Player_B,43
441,2,[      342.1        79.9       692.2      204.02],Player_B,43
442,3,[     207.02      51.449      461.84      148.81],Player_B,43
443,4,[     203.23      185.59      452.75      415.55],Player_B,43
444,5,[     242.54      93.605      516.74      232.07],Player_B,43
445,6,[     204.23      386.35      458.53      817.15],Player_A,43
446,9,[     126.35      132.53      310.63       311.4],Player_A,43
447,12,[     53.226      425.55      156.63      896.67],Player_A,43
448,17,[     116.82       47.63       274.5       139.4],Player_A,43
449,26,[     6.3471      273.62      56.239      591.94],Player_A,43
450,33,[     34.909      304.92      92.591      633.12],,43
451,34,[     34.562      305.26      92.542      633.27],,43
452,1,[     45.394      106.83      131.02      259.69],Player_B,44
453,2,[      342.7       77.63       691.8      200.41],Player_B,44
454,3,[     207.74      52.473      464.98      150.93],Player_B,44
455,4,[     203.04      186.68      453.04      417.26],Player_B,44
456,5,[     242.35       93.97      518.95      233.43],Player_B,44
457,6,[     204.18      385.29      457.78      815.32],Player_A,44
458,9,[     127.41       133.7      311.73      313.36],Player_A,44
459,12,[     53.118       425.2      156.02      895.82],Player_A,44
460,17,[     116.75      47.394      274.09      138.92],Player_A,44
461,26,[     5.3628      272.32      55.121      589.96],Player_A,44
462,34,[     32.164      302.38      89.534       627.1],Basketball,44
463,1,[     45.622      106.67      131.54      259.27],Player_B,45
464,2,[     342.97      75.615      690.47      196.81],Player_B,45
465,3,[     210.77      52.781      469.33      151.84],Player_B,45
466,4,[     203.04      187.07      453.08      417.88],Player_B,45
467,5,[     242.83       94.09      520.31      233.73],Player_B,45
468,6,[     203.47      384.32      456.21      813.53],Player_A,45
469,9,[     127.96      134.91      312.14      315.11],Player_A,45
470,12,[     52.543       425.1      154.96      895.54],Player_A,45
471,17,[     115.89      47.367      273.09      138.85],Player_A,45
472,26,[     5.1691      270.79      55.027      588.71],Player_A,45
473,1,[     45.678      106.21      131.64      258.11],Player_B,46
474,2,[     343.44       74.52      689.62      194.18],Player_B,46
475,3,[     212.63      52.638      471.73      151.98],Player_B,46
476,4,[     203.08       187.2      453.04      418.08],Player_B,46
477,5,[     243.73       94.16      521.95      233.86],Player_B,46
478,6,[     202.63      382.58      454.51         811],Player_A,46
479,9,[     128.11      136.91      312.49      318.07],Player_A,46
480,12,[     52.995      425.97      155.35      897.75],Player_A,46
481,17,[     115.82      46.291      272.46      137.43],Player_A,46
482,26,[     21.059      284.79      70.867      601.27],Basketball,46
483,1,[     45.949      105.91      131.73      256.67],Player_B,47
484,2,[     343.84      73.345      689.12      191.61],Player_B,47
485,3,[     214.21      54.317      473.55       153.8],Player_B,47
486,4,[     202.81      187.83      453.37      419.51],Player_B,47
487,5,[     244.38       94.16      523.14       233.8],Player_B,47
488,6,[     202.24      381.73      453.14      809.16],Player_A,47
489,9,[     128.41      138.09      314.17      321.49],Player_A,47
490,12,[     54.143      427.57      156.58      900.47],Player_A,47
491,17,[     115.47      45.899      271.51      136.69],Player_A,47
492,26,[     23.953         288      73.261      601.91],Basketball,47
493,1,[     45.913      105.82      131.89      256.18],Player_B,48
494,2,[     343.94      71.915      689.04      189.06],Player_B,48
495,3,[     215.53      54.993      474.79      154.45],Player_B,48
496,4,[     202.79      188.06      453.41      420.03],Player_B,48
497,5,[     244.41      94.175      523.69      233.76],Player_B,48
498,6,[     201.75      381.44      451.91      808.42],Player_A,48
499,9,[     128.32      139.52         315       324.8],Player_A,48
500,12,[     55.412      429.49      158.01      903.29],Player_A,48
501,17,[     115.11      45.507      270.55      135.95],Player_A,48
502,26,[     25.702       289.2      74.884       602.3],Basketball,48
503,1,[      45.95      105.58      132.07      255.49],Player_B,49
504,2,[     343.91      70.075      688.97      186.17],Player_B,49
505,3,[     216.59      55.029      476.19      154.57],Player_B,49
506,4,[     201.89      188.44      454.01       422.3],Player_B,49
507,5,[     244.93      94.215      524.85      233.77],Player_B,49
508,6,[     201.67      381.08      450.85      807.23],Player_A,49
509,9,[     129.36      141.62       316.4      328.12],Player_A,49
510,12,[     56.389      430.47      159.15      904.97],Player_A,49
511,26,[     27.452      290.39      76.506      602.69],Basketball,49
512,1,[       46.1      105.21      132.18      254.34],Player_B,50
513,2,[     344.34      68.885      688.56      183.59],Player_B,50
514,3,[     216.93      55.603      477.73       155.6],Player_B,50
515,4,[     201.68      188.57       454.1      423.13],Player_B,50
516,5,[     245.43      94.245      525.65      233.56],Player_B,50
517,6,[      199.1      380.84      447.36      806.33],Player_A,50
518,9,[     129.47      143.03      316.61      330.51],Player_A,50
519,12,[     57.502      430.99       160.5      906.33],Player_A,50
520,35,[     110.43      44.292      264.63      135.55],,50
521,1,[     46.035      105.09      132.33      253.95],Player_B,51
522,2,[     343.44      68.305      688.02      182.16],Player_B,51
523,3,[     217.82       55.88      479.18      156.02],Player_B,51
524,4,[     201.74       188.6      453.98      423.42],Player_B,51
525,5,[     245.32      94.535      527.84      234.72],Player_B,51
526,6,[     197.77      380.59      445.17      805.48],Player_A,51
527,9,[     128.81      143.95      316.35      332.81],Player_A,51
528,12,[     59.959      431.31      163.26      907.75],Player_A,51
529,35,[     107.73       44.28      261.85       135.5],Player_A,51
530,36,[     20.871      277.53      66.511      580.47],,51
531,1,[     47.423      103.72      133.99      252.28],Player_B,52
532,2,[     342.93      67.905      687.95      180.94],Player_B,52
533,3,[     218.51      55.965      480.13      156.12],Player_B,52
534,4,[     201.59      189.29      454.03      424.75],Player_B,52
535,5,[      245.1       94.65      528.76      235.17],Player_B,52
536,6,[     197.12       380.2       443.6      804.32],Player_A,52
537,9,[     130.93      144.46      318.65       334.4],Player_A,52
538,12,[     60.886      431.66      164.41       908.9],Player_A,52
539,35,[     108.01      44.035      260.67      134.36],Player_A,52
540,36,[     20.295      279.69      66.331      585.42],Basketball,52
541,1,[     47.894      102.05      134.36      249.64],Player_B,53
542,2,[     342.47        67.3      688.17      179.64],Player_B,53
543,3,[     219.07      56.175      481.31      156.49],Player_B,53
544,4,[     201.68      189.53       453.9      425.21],Player_B,53
545,5,[      245.3      94.735      529.54      235.31],Player_B,53
546,6,[     195.91      378.44      441.51      801.81],Player_A,53
547,9,[     131.43      144.85      319.43      336.01],Player_A,53
548,12,[     62.559      432.01      166.44      910.25],Player_A,53
549,35,[     106.98      43.956       259.1      133.95],Player_A,53
550,36,[     20.511      280.68      66.389      585.42],Basketball,53
551,37,[     21.337      280.83      66.727       584.7],,53
552,38,[     21.337      280.83      66.727       584.7],,53
553,1,[     47.935      101.46      134.61      248.68],Player_B,54
554,2,[     342.42       66.57      688.08      177.97],Player_B,54
555,3,[     219.62       56.27      482.26      156.65],Player_B,54
556,4,[     201.55      191.15      454.11      427.61],Player_B,54
557,5,[     245.95        94.7      530.77      235.28],Player_B,54
558,6,[     193.92      376.69      438.52      798.97],Player_A,54
559,9,[     131.47      145.95      320.69      338.37],Player_A,54
560,12,[     65.811      433.85      170.07      912.65],Player_A,54
561,35,[     106.66      43.935      258.66      133.84],Player_A,54
562,39,[     1.2984      261.18       45.39      568.94],,54
563,1,[     47.921      100.59      134.65      247.15],Player_B,55
564,2,[     343.23      63.685      687.01      173.45],Player_B,55
565,3,[     220.63       56.28      483.61      156.68],Player_B,55
566,4,[     202.26      191.56       454.6      428.12],Player_B,55
567,5,[     246.45      94.645      531.93       235.3],Player_B,55
568,6,[     193.02      375.37      436.44      796.15],Player_A,55
569,9,[     131.82       146.3      319.94      338.52],Player_A,55
570,12,[     67.514       435.3      172.17      914.59],Player_A,55
571,35,[     106.04      43.931       257.9      133.73],Player_A,55
572,39,[     1.4564      261.12      45.626      569.38],Player_A,55
573,1,[     47.782      100.33      134.79      246.65],Player_B,56
574,2,[     343.94      62.595      685.88      170.71],Player_B,56
575,3,[     221.04       56.37      485.48      157.29],Player_B,56
576,4,[     202.62       191.7      454.68      428.28],Player_B,56
577,5,[     246.46      94.585       532.4      235.24],Player_B,56
578,6,[     191.88      375.09       434.6      795.35],Player_A,56
579,9,[     131.59         148      319.77      341.28],Player_A,56
580,12,[     68.544      436.23       173.8       916.5],Player_A,56
581,35,[     105.72       43.76      256.32      132.78],Player_A,56
582,39,[     1.6176      261.36      45.546      568.18],Player_A,56
583,1,[     47.663       99.08       134.2      243.76],Player_B,57
584,2,[     344.83      61.685      684.73      168.03],Player_B,57
585,3,[     223.13      56.425      488.83       157.8],Player_B,57
586,4,[     202.77      192.58      454.87       429.5],Player_B,57
587,5,[     247.41       94.55      533.85      235.21],Player_B,57
588,6,[     191.17      374.33      432.67       793.1],Player_A,57
589,9,[     132.82       150.1      322.12      345.53],Player_A,57
590,12,[     69.243      437.36      175.08      918.23],Player_A,57
591,35,[      105.6        43.7      255.84      132.45],Player_A,57
592,40,[     26.776      290.61      76.942      605.15],,57
593,1,[     47.484      98.125      133.83      241.68],Player_B,58
594,2,[     344.84      60.685      684.72      165.95],Player_B,58
595,3,[     226.03       56.83      493.27      158.73],Player_B,58
596,4,[     202.92      192.88      454.84      429.92],Player_B,58
597,5,[      250.9       94.61      538.36      235.51],Player_B,58
598,6,[     190.15      373.49      430.59      791.18],Player_A,58
599,9,[     133.02      151.41      323.28       348.9],Player_A,58
600,12,[     69.693      438.29      176.31      920.53],Player_A,58
601,35,[     104.77       43.66      254.75      132.29],Player_A,58
602,40,[     28.215      291.64      78.605      607.46],Basketball,58
603,41,[     1.4129       258.9      43.031      562.86],,58
604,1,[     49.303      97.775       135.8      240.72],Player_B,59
605,2,[     344.54       58.96      684.76       163.3],Player_B,59
606,3,[     227.92       56.94      496.16      159.16],Player_B,59
607,4,[     203.06      192.97      454.74      430.03],Player_B,59
608,5,[     253.37      95.375      542.61       236.9],Player_B,59
609,6,[     190.02      372.47      429.62      789.35],Player_A,59
610,9,[     133.02      152.63      324.54      351.43],Player_A,59
611,12,[      70.35      439.69      178.01      924.27],Player_A,59
612,35,[      104.9      43.553      254.22      131.78],Player_A,59
613,40,[     29.396      293.56      80.102      611.17],Basketball,59
614,41,[     1.8223      257.31      43.422      561.11],Player_A,59
615,1,[     50.334        96.5      136.81      238.56],Player_B,60
616,2,[     345.14       57.17       684.4      160.13],Player_B,60
617,3,[      229.2      57.005       497.7      159.24],Player_B,60
618,4,[     202.51      192.87      453.99      430.07],Player_B,60
619,5,[     254.09       95.68      544.23      237.44],Player_B,60
620,6,[     189.77      370.88      428.59      787.06],Player_A,60
621,9,[      133.7       154.7      325.04      354.54],Player_A,60
622,12,[     71.154      441.66      179.73      927.79],Player_A,60
623,35,[     104.31      43.474      253.19      131.46],Player_A,60
624,41,[    0.82672      256.66      42.331      559.79],Player_A,60
625,1,[     50.574      95.425      137.23      237.03],Player_B,61
626,2,[     345.06       56.24      684.54      158.22],Player_B,61
627,3,[     229.04      57.475       500.9         161],Player_B,61
628,4,[      202.4      192.82      453.62      430.06],Player_B,61
629,5,[     254.62       95.72       545.3      237.54],Player_B,61
630,6,[     189.43      369.61      427.37      785.01],Player_A,61
631,9,[     136.39      156.05      327.47      356.61],Player_A,61
632,12,[     72.099      442.96      181.46      929.88],Player_A,61
633,35,[     103.71      43.465      252.21       131.3],Player_A,61
634,41,[     1.5757      256.31      42.924      558.19],Player_A,61
635,42,[     16.436      297.11      56.038      617.59],,61
636,1,[     50.519      95.055       137.5      236.52],Player_B,62
637,2,[     344.11      55.705      683.33      156.63],Player_B,62
638,3,[     229.39      57.485      502.25      161.38],Player_B,62
639,4,[     202.45      192.77      453.37      430.02],Player_B,62
640,5,[     255.39       95.83      546.67      237.71],Player_B,62
641,6,[     189.29      368.83      426.11      783.06],Player_A,62
642,9,[     137.38      156.74      328.36      358.17],Player_A,62
643,12,[     72.628      443.68      182.83      931.74],Player_A,62
644,35,[     103.84      43.009      251.56      130.41],Player_A,62
645,41,[     1.9979       256.1      43.144      556.24],Player_A,62
646,42,[     16.348      295.83      55.744      614.59],Basketball,62
647,1,[     50.326       94.53      137.42      235.53],Player_B,63
648,2,[     343.39       55.27      683.23      155.45],Player_B,63
649,3,[      230.1      57.515       503.6      161.58],Player_B,63
650,4,[     202.56      192.75       453.2      429.99],Player_B,63
651,5,[     255.99      95.675      547.77      237.55],Player_B,63
652,6,[     189.05      368.38      424.93      781.66],Player_A,63
653,9,[     137.58      157.19      328.68      359.73],Player_A,63
654,12,[     74.687      443.56      185.39      931.08],Player_A,63
655,35,[     103.47      42.874      250.49      129.95],Player_A,63
656,41,[     1.6395      255.88      42.768      555.38],Player_A,63
657,1,[      50.12      94.355      137.48       235.2],Player_B,64
658,2,[     342.99      54.594      683.25      153.99],Player_B,64
659,3,[     230.43       58.41      504.95      162.83],Player_B,64
660,4,[     202.02       192.9      452.28      430.12],Player_B,64
661,5,[     256.02       95.59      548.26      237.45],Player_B,64
662,6,[     186.25       368.3      421.49      781.44],Player_A,64
663,9,[     137.89      157.56      329.49      361.54],Player_A,64
664,12,[     76.796      442.78      187.98      929.66],Player_A,64
665,35,[     103.39       42.83      250.09       129.8],Player_A,64
666,41,[     1.4193      255.26      42.631      554.74],Player_A,64
667,1,[     53.377       94.01      141.04      234.27],Player_B,65
668,2,[     343.77      51.727      682.11      149.55],Player_B,65
669,3,[     231.18      58.415      506.16      162.94],Player_B,65
670,4,[      201.9      192.95      451.84      430.15],Player_B,65
671,5,[     256.68       95.92      549.42      237.74],Player_B,65
672,6,[     183.85      368.25      418.23      780.79],Player_A,65
673,9,[        138      158.38       329.4      363.06],Player_A,65
674,12,[     77.341      441.25      189.08      927.63],Player_A,65
675,35,[     103.04      42.721      249.26      129.41],Player_A,65
676,41,[     1.9525      253.52      43.246      552.68],Player_A,65
677,43,[     20.263      289.35      64.523      601.37],,65
678,1,[     54.574       93.54      142.24       232.7],Player_B,66
679,2,[     344.07      50.094      681.53      146.66],Player_B,66
680,3,[     231.89       58.33      507.11      162.87],Player_B,66
681,4,[     201.95      192.96      451.59      430.14],Player_B,66
682,5,[     257.18      96.545      550.74      238.47],Player_B,66
683,6,[     183.77       367.9      417.35      779.84],Player_A,66
684,9,[        138         159      328.52      363.62],Player_A,66
685,12,[     78.767      439.52      190.83      924.28],Player_A,66
686,35,[      99.95      42.297      246.19      129.18],Player_A,66
687,41,[      2.085      251.63      43.457      550.28],Player_A,66
688,43,[     23.337      285.48      67.175      594.26],Player_A,66
689,1,[      54.81      93.395      142.85      232.17],Player_B,67
690,2,[     346.22      49.543      679.88      143.85],Player_B,67
691,3,[     232.03       59.42      508.93      164.58],Player_B,67
692,4,[     202.06      192.96      451.42      430.12],Player_B,67
693,5,[     258.02      96.605      552.22      238.51],Player_B,67
694,6,[     182.19      367.12      414.89      778.29],Player_A,67
695,9,[     138.07      160.01      329.55      365.64],Player_A,67
696,12,[      78.91      437.51      191.09      920.07],Player_A,67
697,35,[     99.356      42.189      245.32      129.09],Player_A,67
698,41,[     3.3827      250.02      44.955      548.31],Player_A,67
699,1,[     54.872       93.15      143.11      231.29],Player_B,68
700,2,[     345.77      48.796      679.43      142.04],Player_B,68
701,3,[     232.85       59.58      509.99      164.78],Player_B,68
702,4,[      201.7      192.83      450.62      429.91],Player_B,68
703,5,[     258.09       96.63      552.85      238.51],Player_B,68
704,6,[     180.79      365.19      412.79      775.87],Player_A,68
705,9,[     134.55      157.95      323.97       362.5],Player_A,68
706,12,[     81.685      436.86       194.3      918.08],Player_A,68
707,35,[     98.829      40.292      243.65       126.6],Player_A,68
708,41,[     3.8318      248.53       45.34      544.49],Player_A,68
709,44,[       28.4       275.2      80.132      573.14],,68
710,45,[     28.884      274.96      80.422      572.71],,68
711,1,[     54.759      92.385      143.05      229.68],Player_B,69
712,2,[     345.78      47.309      679.14      139.41],Player_B,69
713,3,[     234.79      59.625      512.33       164.9],Player_B,69
714,4,[     201.65      192.79      450.23      429.83],Player_B,69
715,5,[     258.29      96.615      553.75      238.55],Player_B,69
716,6,[     179.93      363.45      410.89      772.96],Player_A,69
717,9,[      133.7      157.65      322.18      362.25],Player_A,69
718,12,[     82.921      435.94      196.02      915.88],Player_A,69
719,35,[     98.621       39.47       242.2      125.12],Player_A,69
720,41,[     4.1783      247.51      45.572      542.65],Player_A,69
721,1,[     54.535       92.12      143.17      229.12],Player_B,70
722,2,[      345.7      45.069      679.18      136.17],Player_B,70
723,3,[      235.8      60.355      515.18      166.32],Player_B,70
724,4,[      201.5      193.26      450.46      431.03],Player_B,70
725,5,[     258.96       96.67      555.18      238.65],Player_B,70
726,6,[     179.25      362.47      408.83      770.15],Player_A,70
727,9,[     132.25      157.45      319.91      362.15],Player_A,70
728,12,[     83.659      434.53      197.44      913.67],Player_A,70
729,35,[     98.599       39.18      241.68       124.6],Player_A,70
730,41,[     4.7685      247.05        46.3      540.39],Player_A,70
731,46,[     32.978      267.03      88.978      557.52],,70
732,47,[     181.07      362.88      406.89      769.66],,70
733,1,[     54.329      91.615      143.25      228.25],Player_B,71
734,2,[     345.52      43.981       679.3      134.15],Player_B,71
735,3,[     239.42        61.4      519.24      167.42],Player_B,71
736,4,[     201.54      193.44      450.44      431.48],Player_B,71
737,5,[     259.44       96.73       556.3      238.71],Player_B,71
738,6,[     178.19      361.56      406.41      767.52],Player_A,71
739,9,[        130      157.14      316.38      361.28],Player_A,71
740,12,[     84.105       432.8      198.66      911.31],Player_A,71
741,35,[     97.962      38.153      239.32      122.49],Player_A,71
742,41,[     5.2685      246.12      46.837      538.16],Player_A,71
743,46,[     34.607      263.19      89.841      549.44],Basketball,71
744,48,[     34.024      262.35       91.61      547.61],,71
745,1,[     54.684       89.92      143.66      225.76],Player_B,72
746,2,[     345.71      43.309      678.89      132.27],Player_B,72
747,3,[      240.1       62.45      522.58      169.49],Player_B,72
748,4,[     200.69      193.44      449.27      431.61],Player_B,72
749,5,[     259.38      96.665       556.8      238.63],Player_B,72
750,6,[     177.37      361.23      404.81      766.61],Player_A,72
751,9,[     128.62      156.99      313.76       360.6],Player_A,72
752,12,[     84.501      431.96      199.84      909.71],Player_A,72
753,35,[     97.717      37.773       238.5      121.72],Player_A,72
754,41,[     5.6943      245.17      47.124      536.23],Player_A,72
755,1,[      54.64      89.295      143.95      224.87],Player_B,73
756,2,[     344.48      42.983      678.08      131.09],Player_B,73
757,3,[     241.67       62.82      524.39      169.86],Player_B,73
758,4,[     200.49      193.44      448.71      431.66],Player_B,73
759,5,[     259.39      97.765      558.75       240.5],Player_B,73
760,6,[     176.93      360.39      403.43      764.94],Player_A,73
761,9,[     127.87      156.74      311.49      359.38],Player_A,73
762,12,[       85.3      431.37      201.48      908.28],Player_A,73
763,35,[      95.82      37.721      236.48       121.6],Player_A,73
764,41,[     38.179      255.64      80.501      538.96],Basketball,73
765,1,[      54.69       88.25      143.98      222.99],Player_B,74
766,2,[      343.9      42.226      677.52      129.36],Player_B,74
767,3,[     242.73      62.915      525.31      169.76],Player_B,74
768,4,[     200.53      193.43      448.39      431.65],Player_B,74
769,5,[     260.41       97.82      560.69      240.82],Player_B,74
770,6,[      176.5      358.93         402      762.69],Player_A,74
771,9,[     127.19      156.63      309.71      358.81],Player_A,74
772,12,[     86.119      431.01      203.16      907.04],Player_A,74
773,35,[     95.746      37.307      233.83      119.44],Player_A,74
774,41,[     45.653      257.69      89.681      539.65],Basketball,74
775,1,[     54.548       87.91      144.12      222.35],Player_B,75
776,2,[     343.31      41.393      677.85      127.85],Player_B,75
777,3,[      244.3      61.925      525.76      168.09],Player_B,75
778,4,[     200.23      193.48      447.77      431.72],Player_B,75
779,5,[     264.24       98.63      565.38      241.81],Player_B,75
780,6,[     176.62      357.51      401.34      760.67],Player_A,75
781,9,[     126.23       156.6      307.71      358.52],Player_A,75
782,12,[     87.221      430.75      205.08      905.77],Player_A,75
783,35,[     95.664      37.165         233      118.66],Player_A,75
784,41,[     47.607      258.33      93.285      539.88],Basketball,75
785,49,[     4.8902       243.7      54.024      531.58],,75
786,1,[     54.926       87.74      143.88       220.3],Player_B,76
787,2,[     343.82      38.824      676.94      123.92],Player_B,76
788,3,[     245.11       60.72      525.67      166.26],Player_B,76
789,4,[     200.23       193.5      447.43      431.75],Player_B,76
790,5,[     265.58      99.095      567.26      242.32],Player_B,76
791,6,[     176.63      356.68      400.41      758.97],Player_A,76
792,9,[     126.05      156.33      306.15      357.47],Player_A,76
793,12,[     88.299      430.31         207      904.57],Player_A,76
794,35,[      94.59      37.163      231.69      118.43],Player_A,76
795,41,[     46.874      258.78       93.88      539.86],Basketball,76
796,1,[     55.196      87.115      143.92      218.43],Player_B,77
797,2,[     346.21      37.897      674.73      120.65],Player_B,77
798,3,[      245.7       59.37       525.1      164.15],Player_B,77
799,4,[     200.32      193.49      447.24      431.73],Player_B,77
800,5,[     266.54       99.06      568.66       242.3],Player_B,77
801,6,[     175.73      355.69      399.01      757.11],Player_A,77
802,9,[     125.73      156.23      304.83      357.06],Player_A,77
803,12,[     90.409      428.51      209.93      901.93],Player_A,77
804,35,[     94.545      36.422      231.08      117.19],Player_A,77
805,41,[     50.837      259.34      97.605      538.99],Basketball,77
806,1,[     55.115       86.93       144.1      217.79],Player_B,78
807,2,[     347.08      36.871      674.08      118.12],Player_B,78
808,3,[     246.53      58.035      525.29      162.19],Player_B,78
809,4,[     200.47      193.49      447.07      431.71],Player_B,78
810,5,[     267.72      98.855      570.22         242],Player_B,78
811,6,[     172.56      355.87       394.8      756.37],Player_A,78
812,9,[     125.39      156.17      303.43      356.73],Player_A,78
813,12,[     91.782      426.81      212.06      899.15],Player_A,78
814,35,[     93.695      36.247      230.01       116.8],Player_A,78
815,41,[     42.893      262.17      91.411      545.99],Basketball,78
816,50,[     34.728      262.79      92.708      548.55],,78
817,51,[     6.0555         241      60.254       527.6],,78
818,1,[     55.994      85.885      144.99      215.75],Player_B,79
819,2,[     346.49      35.659      672.57      115.58],Player_B,79
820,3,[      247.6       57.26      524.56      160.26],Player_B,79
821,4,[     197.61      193.52      443.51       431.5],Player_B,79
822,5,[     268.37       98.76      571.29      241.86],Player_B,79
823,6,[      172.2      355.67      393.56       755.5],Player_A,79
824,9,[     125.31      155.91      302.09      355.87],Player_A,79
825,12,[     92.553      425.59      213.65      897.12],Player_A,79
826,35,[     92.441      36.367       228.5      116.79],Player_A,79
827,41,[     40.273      264.57      90.115      551.15],Basketball,79
828,50,[     33.885      264.99      92.295      552.95],Player_A,79
829,51,[     6.2874      240.06      60.287       525.8],Player_A,79
830,1,[     56.151      84.675      145.43      214.05],Player_B,80
831,2,[     345.61      34.381      673.19      113.66],Player_B,80
832,3,[     249.12       56.57      524.44      158.39],Player_B,80
833,4,[     196.65      193.53      442.05      431.41],Player_B,80
834,5,[     268.42      98.785      571.78      241.85],Player_B,80
835,6,[     170.42      355.55       391.2      755.19],Player_A,80
836,9,[     122.82      155.85      298.86      355.91],Player_A,80
837,12,[     94.081      424.77         215      895.62],Player_A,80
838,35,[     92.412      35.682      227.67      115.56],Player_A,80
839,41,[     19.826      247.58      69.778      533.44],Player_A,80
840,1,[     56.023      84.295      145.76       213.5],Player_B,81
841,2,[     345.15      32.399      673.03      110.74],Player_B,81
842,3,[     249.91       56.12      524.07      156.92],Player_B,81
843,4,[     196.42      193.53      441.42      431.37],Player_B,81
844,5,[     268.88      99.355       573.7      242.87],Player_B,81
845,6,[     168.84      355.12       388.9      754.33],Player_A,81
846,9,[     120.83      155.89      296.05      355.93],Player_A,81
847,12,[     96.849      423.85      218.33      891.86],Player_A,81
848,35,[     91.938      35.255      226.88      114.95],Player_A,81
849,41,[     12.478      240.28      62.456      524.47],Player_A,81
850,52,[     31.665      271.43      85.609      566.05],,81
851,1,[     55.875       82.87      145.97      211.83],Player_B,82
852,2,[     345.41      31.353      672.17      108.38],Player_B,82
853,3,[      250.7      55.705      524.46      155.75],Player_B,82
854,4,[     196.44      193.52       441.1      431.36],Player_B,82
855,5,[     269.24       99.53      574.96      243.21],Player_B,82
856,6,[     167.66      353.97      386.88      752.47],Player_A,82
857,9,[     120.73      155.43      294.77      354.95],Player_A,82
858,12,[     97.692      421.32      220.07      887.71],Player_A,82
859,35,[     91.778      35.109      226.64      114.76],Player_A,82
860,41,[     9.5031      236.67      59.427      518.55],Player_A,82
861,1,[     55.669      82.375      146.19      211.26],Player_B,83
862,2,[      345.4      30.767      672.64       106.9],Player_B,83
863,3,[     251.59      53.857      524.07      152.78],Player_B,83
864,4,[        195      193.51       439.2      431.26],Player_B,83
865,5,[     270.05      99.625      576.41       243.3],Player_B,83
866,6,[     166.81      352.13      384.97      749.44],Player_A,83
867,9,[     119.56      155.25      292.72      354.61],Player_A,83
868,12,[     98.115      419.75      221.56      885.21],Player_A,83
869,35,[     91.694       34.21      225.49      113.24],Player_A,83
870,41,[     10.654      234.64      60.742      515.13],Player_A,83
871,53,[     28.418      273.87      79.958      570.31],,83
872,54,[     28.418      273.87      79.958      570.31],,83
873,1,[     55.615      82.005      146.29      210.38],Player_B,84
874,2,[     343.98      30.275       670.6      105.27],Player_B,84
875,3,[     252.55      52.144      523.21      149.68],Player_B,84
876,4,[     194.56       193.5      438.42      431.24],Player_B,84
877,5,[     270.15      99.625      577.11       243.3],Player_B,84
878,6,[     166.05      350.72      383.05      746.64],Player_A,84
879,9,[     117.82      153.69      289.92      352.59],Player_A,84
880,12,[     98.365      418.95      222.87      883.38],Player_A,84
881,35,[     91.346      34.295      224.53      113.03],Player_A,84
882,41,[     10.954       233.2       61.27      512.88],Player_A,84
883,53,[     28.389      274.81      80.099      572.25],Basketball,84
884,54,[     28.085      275.03      79.837      572.69],Basketball,84
885,1,[      56.15       81.49      146.71      208.83],Player_B,85
886,2,[     341.72      29.796      668.14       103.8],Player_B,85
887,3,[     253.96      50.683       523.7      147.09],Player_B,85
888,4,[     194.52       193.5      438.06      431.22],Player_B,85
889,5,[     270.53      99.525      577.95      243.14],Player_B,85
890,6,[     165.26      349.67      380.68       743.5],Player_A,85
891,9,[     116.27      153.37      287.39      352.07],Player_A,85
892,12,[     98.995      418.46      224.69      882.21],Player_A,85
893,35,[     91.261      34.344      224.18      112.98],Player_A,85
894,41,[     11.233      232.62      61.867         512],Player_A,85
895,54,[     27.702      275.27      79.492      573.15],Basketball,85
896,1,[     56.181      81.325      147.04       208.3],Player_B,86
897,2,[     341.39      27.439      666.93      100.28],Player_B,86
898,3,[     255.54       49.48      522.26      143.87],Player_B,86
899,4,[     194.59       193.5      437.87      431.21],Player_B,86
900,5,[     270.94      99.295      579.04      242.93],Player_B,86
901,6,[     164.72      348.61      379.08      741.33],Player_A,86
902,9,[     115.13      153.04      285.53      351.76],Player_A,86
903,12,[     99.685      418.17      226.51      881.12],Player_A,86
904,35,[     90.536      34.233      223.36      112.91],Player_A,86
905,41,[     12.739      231.67      63.589      509.78],Player_A,86
906,1,[      56.03      81.285      147.31      208.13],Player_B,87
907,2,[     341.83      25.666      665.55      97.083],Player_B,87
908,3,[     256.11      48.271      522.49      141.63],Player_B,87
909,4,[     193.06      193.49      436.08      431.27],Player_B,87
910,5,[     271.44      99.325      580.34      243.06],Player_B,87
911,6,[      164.3      347.31      377.66      739.08],Player_A,87
912,9,[     114.54      151.78      283.42      349.53],Player_A,87
913,12,[     100.58      417.91      228.54      880.11],Player_A,87
914,35,[     87.829      32.633      220.15      111.14],Player_A,87
915,41,[     12.962      231.11      64.142      508.89],Player_A,87
916,1,[     55.826      81.285      147.55      208.11],Player_B,88
917,2,[     341.86      24.091       664.7      94.306],Player_B,88
918,3,[     256.44       46.73      522.32      138.99],Player_B,88
919,4,[      192.6      193.48      435.34      431.28],Player_B,88
920,5,[     270.16      99.995      582.42      245.26],Player_B,88
921,6,[     163.77      347.18      376.29       738.5],Player_A,88
922,9,[     113.89      151.35      281.61      348.53],Player_A,88
923,12,[     101.31       417.1      230.29      878.42],Player_A,88
924,35,[     86.899      32.045      218.92       110.5],Player_A,88
925,41,[     13.494      230.72      64.888      507.38],Player_A,88
926,55,[     32.352      267.67       88.21      558.05],,88
927,1,[     56.494      81.185      148.69       207.8],Player_B,89
928,2,[     343.01      22.901      663.05      91.429],Player_B,89
929,3,[      257.1      45.489      523.96      137.25],Player_B,89
930,4,[     192.52      193.48      435.02      431.29],Player_B,89
931,5,[     270.46      100.22      584.58      246.32],Player_B,89
932,6,[     163.34      346.04      375.08      736.94],Player_A,89
933,9,[      113.5      151.19      280.48      348.31],Player_A,89
934,12,[     102.83      415.06      232.81      875.52],Player_A,89
935,35,[     84.889      31.869      216.55      110.28],Player_A,89
936,41,[     13.472      230.54       65.15      506.58],Player_A,89
937,55,[     35.424      263.66      90.608      550.24],Basketball,89
938,1,[     56.565      81.165      149.27      207.72],Player_B,90
939,2,[     342.43      21.562      661.77      88.898],Player_B,90
940,3,[     257.38      44.506       524.7      135.58],Player_B,90
941,4,[      192.6      193.47      434.86      431.28],Player_B,90
942,5,[     271.78      100.36      586.48      246.64],Player_B,90
943,6,[     163.56      344.69      374.48      734.87],Player_A,90
944,9,[     112.28      150.87      279.04      347.74],Player_A,90
945,12,[     103.09      412.97      233.89      872.24],Player_A,90
946,35,[     84.636      31.573      215.12      109.35],Player_A,90
947,41,[     14.455      230.22      66.557      505.88],Player_A,90
948,1,[     56.842       81.16      150.12       207.7],Player_B,91
949,2,[     342.09      19.903      661.29      86.189],Player_B,91
950,3,[     257.65      43.827      524.77      133.98],Player_B,91
951,4,[     192.29      193.54      434.27      431.31],Player_B,91
952,5,[     275.46      100.89      589.84      246.79],Player_B,91
953,6,[     161.21       343.9      371.21      733.34],Player_A,91
954,9,[     111.05      150.53      277.59      347.15],Player_A,91
955,12,[     104.63      412.59      235.95      869.76],Player_A,91
956,35,[     84.671       31.49      215.21      109.41],Player_A,91
957,41,[     33.672      246.11      86.982      523.17],Basketball,91
958,1,[     56.772       81.18      150.57      207.72],Player_B,92
959,2,[     343.13      18.736      659.89      83.429],Player_B,92
960,3,[     260.18      43.363       526.4      132.28],Player_B,92
961,4,[     192.26      193.55         434       431.3],Player_B,92
962,5,[     276.51      101.08      591.35      247.19],Player_B,92
963,6,[     159.61      343.47      368.51      731.79],Player_A,92
964,12,[     105.07      410.51      237.09      866.27],Player_A,92
965,35,[     82.226      31.455      212.71      109.47],Player_A,92
966,41,[     35.894      246.88      89.106      523.44],Basketball,92
967,56,[     112.39      150.19      268.27      346.59],,92
968,1,[     56.603      81.205      150.88      207.75],Player_B,93
969,2,[     342.97      18.226      660.07      81.963],Player_B,93
970,3,[      261.1      43.121       527.1      131.05],Player_B,93
971,4,[     192.32      193.56      433.86       431.3],Player_B,93
972,5,[     278.03      101.24      592.89      247.12],Player_B,93
973,6,[      158.8      343.23      366.98      731.03],Player_A,93
974,12,[     106.57      409.39      238.27      864.04],Player_A,93
975,35,[     82.081      31.255      211.28       108.5],Player_A,93
976,41,[      48.81      246.78      102.72      518.31],Basketball,93
977,56,[     111.58      148.33      265.52      342.27],Player_A,93
978,1,[     57.302      81.235      152.08      207.64],Player_B,94
979,2,[     343.19       17.84      660.29      80.564],Player_B,94
980,3,[     264.45      41.817      530.37      128.73],Player_B,94
981,4,[     192.41      193.56      433.77       431.3],Player_B,94
982,5,[     279.54      101.18      594.78      246.98],Player_B,94
983,6,[      157.2      342.79      364.66      729.99],Player_A,94
984,12,[     109.38      408.94      242.16      862.68],Player_A,94
985,35,[     81.362      31.188      209.96      108.11],Player_A,94
986,41,[     52.891      243.49       107.7      510.91],Basketball,94
987,56,[     111.38      148.88      264.96      342.34],Player_A,94
988,1,[         57      81.755       153.1      209.38],Player_B,95
989,2,[     342.76      17.374       661.2      79.408],Player_B,95
990,3,[     265.42      39.686      531.46      125.67],Player_B,95
991,4,[     191.45      193.64      432.93      431.78],Player_B,95
992,5,[     279.09      101.18      597.09       248.2],Player_B,95
993,6,[     155.54      342.67      362.44      729.64],Player_A,95
994,12,[      110.1      407.36      244.02      860.48],Player_A,95
995,35,[     81.142      31.171       209.5      107.98],Player_A,95
996,41,[     29.066      230.05        84.1      497.97],Player_A,95
997,56,[     108.86      148.12      262.14      341.18],Player_A,95
998,1,[     57.114      81.935      153.89      209.88],Player_B,96
999,2,[     342.23       16.54      660.31      77.559],Player_B,96
1000,3,[     266.56      38.254      532.18      123.11],Player_B,96
1001,4,[      191.2      193.67      432.54      431.95],Player_B,96
1002,5,[     278.87      101.18      597.93      248.65],Player_B,96
1003,6,[     154.78      342.21      360.92      728.51],Player_A,96
1004,12,[     110.63      406.57      245.65      858.83],Player_A,96
1005,35,[     80.821       31.07      208.12      107.21],Player_A,96
1006,41,[      20.89       224.5      75.942      491.99],Player_A,96
1007,56,[     107.12       147.9      260.24      340.76],Player_A,96
1008,1,[     57.031          82      154.29      210.08],Player_B,97
1009,2,[     343.72      13.842      658.36       73.16],Player_B,97
1010,3,[     268.54      37.721      530.84      120.37],Player_B,97
1011,4,[     191.18      193.68      432.34      432.03],Player_B,97
1012,5,[     279.65      101.35      599.33      248.95],Player_B,97
1013,6,[     153.71      340.34      359.07      726.06],Player_A,97
1014,12,[     110.87      406.11      247.01       857.6],Player_A,97
1015,35,[     80.138      31.038      206.92      106.91],Player_A,97
1016,41,[     20.396      222.69      75.234      489.13],Player_A,97
1017,56,[     105.97      147.89      258.97      340.67],Player_A,97
1018,1,[      56.89       82.04      154.53      210.16],Player_B,98
1019,2,[     344.87      12.425      657.13      70.239],Player_B,98
1020,3,[     269.32      36.974      530.62      118.18],Player_B,98
1021,4,[     191.26      193.68      432.22      432.05],Player_B,98
1022,5,[     280.23      101.57      600.43      249.27],Player_B,98
1023,6,[     152.92      338.86      357.04      723.18],Player_A,98
1024,12,[     111.27      405.78      248.51       856.5],Player_A,98
1025,35,[     79.917      31.035       206.5      106.82],Player_A,98
1026,41,[     19.902      220.87      74.526      486.28],Player_A,98
1027,56,[     104.98      147.24      257.44       339.4],Player_A,98
1028,1,[      57.29       82.05      155.33      210.19],Player_B,99
1029,2,[     345.95       11.14      655.73      67.406],Player_B,99
1030,3,[     270.59      35.666      531.21      115.51],Player_B,99
1031,4,[     191.13      193.65      431.85      432.02],Player_B,99
1032,5,[     280.33      101.64      600.87      249.38],Player_B,99
1033,6,[     152.41      337.77      354.89      719.81],Player_A,99
1034,12,[     112.08      405.45       250.5      855.44],Player_A,99
1035,35,[     79.251      30.852      205.03      106.21],Player_A,99
1036,56,[     103.73      146.86      255.77      338.76],Player_A,99
1037,1,[     57.323      82.055      155.72       210.2],Player_B,100
1038,2,[     345.91      10.907      655.59      66.113],Player_B,100
1039,3,[     270.14      34.471      532.26      113.73],Player_B,100
1040,4,[     191.15      193.64      431.67      432.02],Player_B,100
1041,5,[     281.28      101.74      601.82      249.24],Player_B,100
1042,6,[     152.09      336.65      353.43       717.4],Player_A,100
1043,12,[     112.96       405.1      252.52      854.32],Player_A,100
1044,35,[     79.041      30.791      204.48         106],Player_A,100
1045,56,[      102.7         147      254.36      338.78],Player_A,100
1046,57,[     17.777      219.75      80.853      485.12],,100
1047,1,[     57.616       82.06      156.34      210.18],Player_B,101
1048,2,[     345.57       8.729      655.89      63.049],Player_B,101
1049,3,[     269.91      32.717      533.85      111.52],Player_B,101
1050,4,[     191.23      193.64      431.55      432.01],Player_B,101
1051,5,[     282.07      101.67      602.87      249.07],Player_B,101
1052,6,[     151.69      335.69      351.97      715.33],Player_A,101
1053,12,[     113.57      403.46      254.21      851.89],Player_A,101
1054,35,[     78.547      30.679      203.65      105.79],Player_A,101
1055,56,[     102.22      145.97      253.16      337.21],Player_A,101
1056,57,[     19.493      219.12      82.601      484.26],Player_A,101
1057,58,[     46.887      240.99      116.73      505.29],,101
1058,1,[     57.599      82.005      156.64      210.12],Player_B,102
1059,2,[     346.07      6.9685      653.97      59.809],Player_B,102
1060,3,[      269.5      31.881      534.66      110.08],Player_B,102
1061,4,[     191.32      193.63      431.48         432],Player_B,102
1062,5,[     282.98       101.8      604.24      249.16],Player_B,102
1063,6,[     151.42       334.7      350.72      713.47],Player_A,102
1064,12,[     114.54      401.67       256.1      848.82],Player_A,102
1065,35,[     78.404      30.289      202.38      104.82],Player_A,102
1066,56,[     101.56      145.47      251.88      336.46],Player_A,102
1067,57,[     20.146      218.76      83.588      484.84],Player_A,102
1068,58,[     45.793      242.71      116.02      508.53],Basketball,102
1069,59,[     45.812      243.44       115.3      509.56],,102
1070,1,[     57.481      82.045       156.8      210.13],Player_B,103
1071,2,[     346.25       6.126      653.35      57.802],Player_B,103
1072,3,[      270.8      31.153      535.18      108.05],Player_B,103
1073,4,[     190.78      193.72      430.82      432.23],Player_B,103
1074,5,[     282.28      102.82       605.6      251.02],Player_B,103
1075,6,[     150.42      333.76      349.18      711.53],Player_A,103
1076,12,[      116.4      400.18      258.74       845.7],Player_A,103
1077,35,[     78.406      30.145      201.89      104.48],Player_A,103
1078,56,[      101.1      145.36      250.86      336.26],Player_A,103
1079,57,[     19.563      218.31      82.415      481.77],Player_A,103
1080,1,[     58.102       82.24      158.16       210.9],Player_B,104
1081,2,[     346.81      5.5695      652.65      55.998],Player_B,104
1082,3,[     270.84      30.773      535.68      106.78],Player_B,104
1083,4,[     190.67      193.74      430.51       432.3],Player_B,104
1084,5,[     282.54      103.56      606.76      252.07],Player_B,104
1085,6,[     147.71      332.23      345.97      710.39],Player_A,104
1086,12,[     118.03      399.12      260.03      843.62],Player_A,104
1087,35,[     78.045      30.171      200.87      104.28],Player_A,104
1088,56,[     100.07      145.02      249.59      335.62],Player_A,104
1089,57,[     20.016      217.87      82.412      479.36],Player_A,104
1090,60,[     51.974      230.16      127.59      483.98],,104
1091,61,[     51.637       230.4      127.45      484.43],,104
1092,1,[     58.234       82.32      158.73       211.2],Player_B,105
1093,2,[     346.24        5.28      653.32      54.952],Player_B,105
1094,3,[     270.73        30.2      535.81      105.28],Player_B,105
1095,4,[      190.7      193.76      430.34      432.33],Player_B,105
1096,5,[     283.15      103.88      608.11       252.6],Player_B,105
1097,6,[     146.84      331.55      344.24      709.28],Player_A,105
1098,12,[     118.71      397.34      261.65      840.22],Player_A,105
1099,35,[     78.498      28.729      200.18      102.23],Player_A,105
1100,56,[     97.243      144.38      246.06      334.89],Player_A,105
1101,57,[     20.256      217.52      82.404      477.97],Player_A,105
1102,1,[     59.631       82.34      160.43      211.28],Player_B,106
1103,2,[     345.98      4.8965      653.66      53.725],Player_B,106
1104,3,[     271.79      28.233      535.95      101.99],Player_B,106
1105,4,[     190.78      193.75      430.24      432.33],Player_B,106
1106,5,[      284.2      103.65      609.68      252.49],Player_B,106
1107,6,[     146.95      331.11      343.39      707.98],Player_A,106
1108,12,[     121.45      397.12      265.47      838.81],Player_A,106
1109,35,[     78.076      28.421      199.24      101.61],Player_A,106
1110,56,[     96.272      144.25      244.69      335.12],Player_A,106
1111,57,[     21.956      215.73      84.246      476.16],Player_A,106
1112,1,[     60.069      82.355      161.11      211.31],Player_B,107
1113,2,[     346.62      2.5215      651.92      49.995],Player_B,107
1114,3,[     272.05      26.754      536.09      99.428],Player_B,107
1115,4,[     190.37       193.7      429.57      432.26],Player_B,107
1116,5,[     284.49      103.56      610.31      252.44],Player_B,107
1117,6,[     145.14      330.82      340.68      706.83],Player_A,107
1118,12,[     122.58      395.66      267.72       836.6],Player_A,107
1119,35,[     74.404      27.927       196.4       101.9],Player_A,107
1120,56,[     94.373      143.97      241.69      334.15],Player_A,107
1121,57,[     22.339      213.35      84.575      472.44],Player_A,107
1122,1,[     60.163      82.365      161.42      211.31],Player_B,108
1123,2,[     347.27       1.077      651.03      47.333],Player_B,108
1124,3,[     273.96       25.28      536.22      96.323],Player_B,108
1125,4,[     190.32      193.68      429.24      432.24],Player_B,108
1126,5,[     285.99      103.69      612.41      252.69],Player_B,108
1127,6,[     143.44      330.62      338.06      705.66],Player_A,108
1128,12,[     123.31      394.43      269.61      834.56],Player_A,108
1129,35,[     73.603        27.6      195.28      101.38],Player_A,108
1130,56,[     91.986      143.86      238.55      333.84],Player_A,108
1131,57,[     23.732       212.4      85.846      469.56],Player_A,108
1132,62,[     21.755      211.48      88.207      468.46],,108
1133,1,[     63.828       82.44      165.57       211.5],Player_B,109
1134,2,[     350.31       0.092      647.51      44.234],Player_B,109
1135,3,[     274.67      24.475      535.89      94.101],Player_B,109
1136,4,[     190.37      193.67      429.07      432.23],Player_B,109
1137,5,[     288.81      102.99      615.77      252.03],Player_B,109
1138,6,[     142.56      330.32       336.4      704.62],Player_A,109
1139,12,[      123.6      393.79      270.98      832.97],Player_A,109
1140,35,[     72.738      26.715      193.14      99.895],Player_A,109
1141,56,[     91.063      143.65      236.42      332.69],Player_A,109
1142,57,[     23.921      211.25      86.097      467.16],Player_A,109
1143,1,[     65.073      82.465      167.21      211.56],Player_B,110
1144,2,[     350.32     -0.2315      647.34      42.865],Player_B,110
1145,3,[     275.46      23.147      536.08      91.463],Player_B,110
1146,4,[     190.46      193.66      428.96      432.22],Player_B,110
1147,5,[     290.74      104.08      618.78      253.43],Player_B,110
1148,6,[     141.59       328.9      334.63      702.48],Player_A,110
1149,12,[     123.91      393.38      272.45       831.8],Player_A,110
1150,35,[     73.283      26.152         192      98.388],Player_A,110
1151,56,[     90.145      143.59      234.71      332.34],Player_A,110
1152,57,[     26.251      210.15      88.599      465.14],Player_A,110
1153,1,[     66.392       82.52      168.89       211.5],Player_B,111
1154,2,[     350.47      -0.404      647.23      41.656],Player_B,111
1155,3,[     275.56      21.581      536.34      88.831],Player_B,111
1156,4,[     189.79      193.68      427.99       432.3],Player_B,111
1157,5,[     291.33       104.5      619.95      253.94],Player_B,111
1158,6,[     140.64      328.24      333.06       701.6],Player_A,111
1159,12,[     124.52       393.1      274.32      830.92],Player_A,111
1160,35,[     74.267      25.082      190.75       95.86],Player_A,111
1161,56,[     89.509      143.57      233.37      332.15],Player_A,111
1162,57,[     26.962      208.77      89.524      463.09],Player_A,111
1163,1,[     66.739      82.535       169.6      211.47],Player_B,112
1164,2,[     350.96      -0.421      646.82      40.517],Player_B,112
1165,3,[     275.57      20.377      537.83      86.952],Player_B,112
1166,4,[     189.64      193.68      427.54      432.32],Player_B,112
1167,5,[      291.9      104.75         621      254.27],Player_B,112
1168,6,[     139.73      327.05      331.01      699.19],Player_A,112
1169,12,[     125.31      392.75      276.29      829.89],Player_A,112
1170,35,[     73.409      25.648      188.81      95.669],Player_A,112
1171,56,[     88.767      143.41      231.59      331.47],Player_A,112
1172,57,[      26.95      207.24      89.734      460.76],Player_A,112
1173,63,[     72.399      24.937      188.94      95.296],,112
1174,1,[     66.728       82.53      169.95      211.45],Player_B,113
1175,2,[     346.28     -0.3875      650.68      40.981],Player_B,113
1176,3,[     275.06      19.522      538.82      85.477],Player_B,113
1177,4,[     189.68      193.69       427.3      432.33],Player_B,113
1178,5,[     292.99      104.85      622.51      254.33],Player_B,113
1179,6,[     139.41      325.56      329.43      696.24],Player_A,113
1180,12,[     125.27      392.11      277.29      828.47],Player_A,113
1181,35,[     73.072      25.866      188.19       95.63],Player_A,113
1182,56,[     88.351      143.31      230.29      331.08],Player_A,113
1183,57,[     26.772      206.44      89.742      459.06],Player_A,113
1184,63,[     72.393       24.93      188.95      95.296],Player_A,113
1185,1,[     67.079      83.975      170.94      213.25],Player_B,114
1186,2,[     340.74      -0.271      655.92      41.995],Player_B,114
1187,3,[     275.39      18.691      538.51      83.447],Player_B,114
1188,4,[     189.79      193.69      427.13      432.33],Player_B,114
1189,5,[     293.55      104.94      623.77      254.51],Player_B,114
1190,6,[     139.29      324.53      327.89      693.37],Player_A,114
1191,12,[     125.76      390.46      278.78      825.97],Player_A,114
1192,35,[     71.758      24.673      185.52      93.433],Player_A,114
1193,56,[     87.988      143.25      229.07      330.89],Player_A,114
1194,57,[     27.494      205.38      90.218         457],Player_A,114
1195,1,[     67.094       84.52      171.39      213.92],Player_B,115
1196,2,[     336.26     -0.1275      660.28       42.87],Player_B,115
1197,3,[     276.03      18.264      538.75      81.882],Player_B,115
1198,4,[     189.54      193.69      426.52      432.28],Player_B,115
1199,5,[      293.6      104.96      624.32      254.56],Player_B,115
1200,6,[     139.05      323.64      326.47      691.22],Player_A,115
1201,12,[     126.41      388.51      280.25      822.59],Player_A,115
1202,35,[     70.536      24.376      183.84       92.74],Player_A,115
1203,56,[     87.981      142.81      227.76      329.73],Player_A,115
1204,57,[     28.071      205.72      91.075      456.26],Player_A,115
1205,64,[     78.048      163.54      179.39      349.48],,115
1206,1,[     66.975      84.705      171.61      214.16],Player_B,116
1207,2,[     328.43       0.747      668.23      45.655],Player_B,116
1208,3,[     276.34      17.918       539.3      80.586],Player_B,116
1209,4,[     189.53      193.69      426.23      432.25],Player_B,116
1210,5,[     294.09      104.92      625.37      254.52],Player_B,116
1211,6,[     138.57      322.73      324.95      689.21],Player_A,116
1212,12,[     127.99      387.48      282.37       819.4],Player_A,116
1213,35,[     70.061      24.284      183.34      92.524],Player_A,116
1214,56,[     88.723      142.65      227.52      329.21],Player_A,116
1215,57,[     30.852       205.6      94.382      455.69],Player_A,116
1216,1,[     67.337       84.66      172.28      214.08],Player_B,117
1217,2,[     322.98      1.8585      673.72      48.139],Player_B,117
1218,3,[     278.19      16.312      540.33      77.736],Player_B,117
1219,4,[     189.61      193.69      426.05      432.25],Player_B,117
1220,5,[     294.41      105.44      626.85      255.34],Player_B,117
1221,6,[     135.99      320.57      321.57      686.63],Player_A,117
1222,12,[     129.98      386.23       285.2         817],Player_A,117
1223,35,[     68.999      24.252      182.26      92.452],Player_A,117
1224,56,[     87.757      142.43      226.28      328.63],Player_A,117
1225,57,[     31.546      205.32      95.528      454.83],Player_A,117
1226,1,[     67.368      84.605      172.63      214.03],Player_B,118
1227,2,[     317.24       4.023      679.62      51.927],Player_B,118
1228,3,[     278.75      14.842      541.31      75.358],Player_B,118
1229,4,[     189.71      193.69      425.93      432.25],Player_B,118
1230,5,[     295.06      105.68      628.32       255.7],Player_B,118
1231,6,[     133.61      319.43      318.35      685.01],Player_A,118
1232,12,[     130.36      384.52      286.42      814.18],Player_A,118
1233,35,[     69.001      23.495      181.68      91.239],Player_A,118
1234,56,[     80.955      142.26      218.54       328.4],Player_A,118
1235,57,[      32.22      204.81      96.682      453.72],Player_A,118
1236,65,[     83.327       141.9      191.41      306.66],,118
1237,1,[     68.116       84.46      173.86      213.92],Player_B,119
1238,2,[     311.17       5.026      683.57      54.494],Player_B,119
1239,3,[     280.53      13.337      542.37      72.655],Player_B,119
1240,4,[     188.71      193.65      424.55      432.22],Player_B,119
1241,5,[     295.12      105.76      628.98      255.82],Player_B,119
1242,6,[     132.74      319.06      316.98      684.78],Player_A,119
1243,12,[     131.93       383.4      287.59      811.96],Player_A,119
1244,35,[     68.162      23.389      180.56      90.947],Player_A,119
1245,56,[     80.289      138.37      216.89      324.27],Player_A,119
1246,57,[     32.367      203.38      97.257      451.63],Player_A,119
1247,65,[      85.49      136.98      190.01      296.19],Basketball,119
1248,1,[     68.255      84.385       174.4      213.81],Player_B,120
1249,2,[     308.09      5.6735      686.07      56.156],Player_B,120
1250,3,[     281.54      12.462      542.56      70.549],Player_B,120
1251,4,[     188.07      193.97      424.19      433.27],Player_B,120
1252,5,[     295.49      105.74      629.72      255.74],Player_B,120
1253,6,[     130.66      318.68      314.06      683.72],Player_A,120
1254,12,[      134.9      381.88      291.58      809.15],Player_A,120
1255,35,[     66.943      23.423      178.98      90.828],Player_A,120
1256,56,[     79.442      141.01       214.6      325.91],Player_A,120
1257,57,[      32.94      201.58       98.36      448.94],Player_A,120
